full_name,pdes,a,e,i,om,w,primary_type,detail_type1,detail_type2
Mercury,Mercury,0.38709893,0.20563069,7.00487,48.33167,29.12478,Planet,Terrestrial,Interior
Venus,Venus,0.72333199,0.00677323,3.39471,76.68069,54.85229,Planet,Terrestrial,Interior
Earth,Earth,1.00000011,0.01671022,0.00005,348.73936,114.20783,Planet,Terrestrial,
Mars,Mars,1.52366231,0.0935,1.85061,49.57854,286.4623,Planet,Terrestrial,Outer
Jupiter,Jupiter,5.20336301,0.04839266,1.3053,100.55615,274.1977,Planet,Jovian,Outer
Saturn,Saturn,9.53707032,0.0541506,2.48446,113.71504,338.7169,Planet,Jovian,Outer
Uranus,Uranus,19.19126393,0.04716771,0.76986,74.22988,96.73436,Planet,Jovian,Outer
Neptune,Neptune,30.06896348,0.00858587,1.76917,131.72169,273.24966,Planet,Jovian,Outer
   433 Eros (A898 PA),433,1.458,0.2228,10.83,304.29,178.93,Asteroid,NEO,Amor
   719 Albert (A911 TB),719,2.637,0.547,11.58,183.86,156.25,Asteroid,NEO,Amor
   887 Alinda (A918 AA),887,2.472,0.5707,9.4,110.42,350.48,Asteroid,NEO,Amor
  1036 Ganymed (A924 UB),1036,2.666,0.533,26.69,215.5,132.47,Asteroid,NEO,Amor
  1221 Amor (1932 EA1),1221,1.919,0.4358,11.88,171.32,26.63,Asteroid,NEO,Amor
  1580 Betulia (1950 KA),1580,2.198,0.487,52.1,62.26,159.55,Asteroid,NEO,Amor
  1627 Ivar (1929 SH),1627,1.864,0.3965,8.45,133.12,167.81,Asteroid,NEO,Amor
  1915 Quetzalcoatl (1953 EA),1915,2.544,0.5704,20.4,162.94,347.8,Asteroid,NEO,Amor
  1916 Boreas (1953 RA),1916,2.272,0.4498,12.88,340.6,335.89,Asteroid,NEO,Amor
  1917 Cuyo (1968 AA),1917,2.15,0.5056,23.96,188.29,194.53,Asteroid,NEO,Amor
  1943 Anteros (1973 EC),1943,1.43,0.256,8.71,246.31,338.36,Asteroid,NEO,Amor
  1980 Tezcatlipoca (1950 LA),1980,1.71,0.3648,26.87,246.55,115.48,Asteroid,NEO,Amor
  2059 Baboquivari (1963 UA),2059,2.642,0.5318,11.02,200.69,192.44,Asteroid,NEO,Amor
  2061 Anza (1960 UA),2061,2.265,0.536,3.8,207.36,157.06,Asteroid,NEO,Amor
  2202 Pele (1972 RA),2202,2.291,0.5127,8.74,169.93,217.93,Asteroid,NEO,Amor
  2368 Beltrovata (1977 RA),2368,2.105,0.4133,5.22,287.31,43.12,Asteroid,NEO,Amor
  2608 Seneca (1978 DA),2608,2.523,0.5701,14.64,167.3,37.65,Asteroid,NEO,Amor
  3102 Krok (1981 QA),3102,2.151,0.4496,8.44,172.05,154.8,Asteroid,NEO,Amor
  3199 Nefertiti (1982 RA),3199,1.575,0.2842,32.96,339.99,53.41,Asteroid,NEO,Amor
  3271 Ul (1982 RB),3271,2.101,0.396,25.08,158.81,159.1,Asteroid,NEO,Amor
  3288 Seleucus (1982 DV),3288,2.033,0.4563,5.93,218.62,349.28,Asteroid,NEO,Amor
  3352 McAuliffe (1981 CW),3352,1.879,0.3691,4.77,107.33,16.12,Asteroid,NEO,Amor
  3551 Verenia (1983 RD),3551,2.092,0.4874,9.51,173.78,193.29,Asteroid,NEO,Amor
  3552 Don Quixote (1983 SA),3552,4.265,0.7081,31.09,349.93,316.6,Asteroid,NEO,Amor
  3553 Mera (1985 JA),3553,1.645,0.3201,36.78,232.49,288.94,Asteroid,NEO,Amor
  3691 Bede (1982 FT),3691,1.775,0.2841,20.36,348.74,234.92,Asteroid,NEO,Amor
  3908 Nyx (1980 PA),3908,1.927,0.4594,2.19,261.21,126.63,Asteroid,NEO,Amor
  3988 Huma (1986 LA),3988,1.545,0.3166,10.77,229.79,86.96,Asteroid,NEO,Amor
  4055 Magellan (1985 DO2),4055,1.82,0.3262,23.26,164.82,154.44,Asteroid,NEO,Amor
  4401 Aditi (1985 TB),4401,2.583,0.5632,26.63,22.79,68.12,Asteroid,NEO,Amor
  4487 Pocahontas (1987 UA),4487,1.731,0.2966,16.41,198.11,173.98,Asteroid,NEO,Amor
  4503 Cleobulus (1989 WM),4503,2.704,0.5243,2.51,45.96,76.25,Asteroid,NEO,Amor
  4596 (1981 QB),4596,2.24,0.5199,37.07,154.22,248.37,Asteroid,NEO,Amor
  4688 (1980 WF),4688,2.232,0.5179,6.38,241.23,213.82,Asteroid,NEO,Amor
  4947 Ninkasi (1988 TJ1),4947,1.37,0.1684,15.65,215.43,192.93,Asteroid,NEO,Amor
  4954 Eric (1990 SQ),4954,2.002,0.4492,17.43,358.42,52.57,Asteroid,NEO,Amor
  4957 Brucemurray (1990 XJ),4957,1.566,0.2188,35.01,254.88,97.49,Asteroid,NEO,Amor
  5324 Lyapunov (1987 SL),5324,2.984,0.6047,19.62,352.25,321.14,Asteroid,NEO,Amor
  5332 Davidaguilar (1990 DA),5332,2.164,0.4553,25.52,142.78,306.06,Asteroid,NEO,Amor
  5370 Taranis (1986 RA),5370,3.321,0.6371,19.17,177.8,161.35,Asteroid,NEO,Amor
  5587 (1990 SB),5587,2.398,0.544,18.09,189.92,86.81,Asteroid,NEO,Amor
  5620 Jasonwheeler (1990 OA),5620,2.159,0.4225,7.87,128.65,153.8,Asteroid,NEO,Amor
  5626 Melissabrucker (1991 FE),5626,2.194,0.4548,3.85,173.1,231.81,Asteroid,NEO,Amor
  5646 (1990 TR),5646,2.143,0.4361,7.91,14.1,335.76,Asteroid,NEO,Amor
  5653 Camarillo (1992 WD5),5653,1.794,0.3046,6.88,9.89,122.65,Asteroid,NEO,Amor
  5751 Zao (1992 AC),5751,2.102,0.4252,16.07,121.63,25.5,Asteroid,NEO,Amor
  5797 Bivoj (1980 AA),5797,1.893,0.4443,4.19,298.93,168.65,Asteroid,NEO,Amor
  5836 (1993 MF),5836,2.441,0.5365,7.95,238.73,78.05,Asteroid,NEO,Amor
  5863 Tara (1983 RB),5863,2.222,0.5054,19.49,168.89,115.52,Asteroid,NEO,Amor
  5869 Tanith (1988 VN4),5869,1.812,0.3211,17.93,227.85,230.83,Asteroid,NEO,Amor
  5879 Almeria (1992 CH1),5879,1.625,0.289,21.57,145.83,355.81,Asteroid,NEO,Amor
  6050 Miwablock (1992 AE),6050,2.203,0.4371,6.4,88.17,285.01,Asteroid,NEO,Amor
  6178 (1986 DA),6178,2.815,0.5843,4.31,64.5,127.45,Asteroid,NEO,Amor
  6456 Golombek (1992 OM),6456,2.192,0.4093,8.22,313.58,347.14,Asteroid,NEO,Amor
  6569 Ondaatje (1993 MO),6569,1.626,0.2208,22.64,111.47,167.35,Asteroid,NEO,Amor
  7088 Ishtar (1992 AA),7088,1.981,0.3899,8.3,102.61,354.77,Asteroid,NEO,Amor
  7236 (1987 PA),7236,2.725,0.559,16.33,308.5,337.93,Asteroid,NEO,Amor
  7336 Saunders (1989 RS1),7336,2.306,0.4816,7.2,174.47,181.51,Asteroid,NEO,Amor
  7358 Oze (1995 YA3),7358,2.199,0.5023,4.66,265.45,92.27,Asteroid,NEO,Amor
  7474 (1992 TC),7474,1.566,0.2922,7.09,88.61,275.65,Asteroid,NEO,Amor
  7480 Norwan (1994 PC),7480,1.568,0.317,9.45,124.37,256.85,Asteroid,NEO,Amor
  7839 (1994 ND),7839,2.165,0.5186,27.11,102.51,228.35,Asteroid,NEO,Amor
  7977 (1977 QQ5),7977,2.226,0.4663,25.16,134.14,248.09,Asteroid,NEO,Amor
  8013 Gordonmoore (1990 KA),8013,2.2,0.4313,7.57,105.56,146.74,Asteroid,NEO,Amor
  8034 Akka (1992 LR),8034,1.83,0.4092,2.02,232.83,68.21,Asteroid,NEO,Amor
  8037 (1993 HO1),8037,1.987,0.4175,5.91,22.39,105.71,Asteroid,NEO,Amor
  8567 (1996 HW1),8567,2.045,0.4495,8.45,177.1,177.31,Asteroid,NEO,Amor
  8709 Kadlu (1994 JF1),8709,2.529,0.489,3.52,119.24,153.64,Asteroid,NEO,Amor
  9172 Abhramu (1989 OB),9172,2.71,0.5529,7.84,287.62,74.1,Asteroid,NEO,Amor
  9400 (1994 TW1),9400,2.587,0.5808,36,3.36,62.14,Asteroid,NEO,Amor
  9950 ESA (1990 VB),9950,2.439,0.5329,14.59,253.47,103.57,Asteroid,NEO,Amor
 10150 (1994 PN),10150,2.375,0.544,45.94,112.98,234.03,Asteroid,NEO,Amor
 10302 (1989 ML),10302,1.273,0.1369,4.38,104.28,183.62,Asteroid,NEO,Amor
 10860 (1995 LE),10860,2.579,0.5744,4.15,257.22,75.49,Asteroid,NEO,Amor
 11054 (1991 FA),11054,1.979,0.4466,3.08,339.06,92.33,Asteroid,NEO,Amor
 11284 Belenus (1990 BA),11284,1.74,0.3374,1.99,311.73,171.15,Asteroid,NEO,Amor
 11398 (1998 YP11),11398,1.721,0.3893,15.02,144.75,74.75,Asteroid,NEO,Amor
 13553 Masaakikoyama (1992 JE),13553,2.189,0.464,5.88,193.46,109.99,Asteroid,NEO,Amor
 14402 (1991 DB),14402,1.715,0.402,11.42,158.22,51.34,Asteroid,NEO,Amor
 15745 Yuliya (1991 PM5),15745,1.72,0.2549,14.43,132.61,140.61,Asteroid,NEO,Amor
 15817 Lucianotesi (1994 QC),15817,1.325,0.1182,13.87,162.49,94.24,Asteroid,NEO,Amor
 16064 Davidharvey (1999 RH27),16064,2.849,0.5893,4.54,335.56,104.76,Asteroid,NEO,Amor
 16636 (1993 QP),16636,2.31,0.4682,7.21,296.81,47.35,Asteroid,NEO,Amor
 16657 (1993 UB),16657,2.278,0.4606,24.95,31.2,21.26,Asteroid,NEO,Amor
 16912 Rhiannon (1998 EP8),16912,1.751,0.2727,24.52,169.18,221.19,Asteroid,NEO,Amor
 17274 (2000 LC16),17274,2.733,0.5537,5.57,305.73,21.4,Asteroid,NEO,Amor
 18106 Blume (2000 NX3),18106,2.444,0.512,4.22,109.18,235,Asteroid,NEO,Amor
 18109 (2000 NG11),18109,1.881,0.3679,0.81,59.54,319.27,Asteroid,NEO,Amor
 18172 (2000 QL7),18172,2.425,0.5112,17.83,338.46,100.7,Asteroid,NEO,Amor
 18736 (1998 NU),18736,2.35,0.4908,2.81,297.43,222.96,Asteroid,NEO,Amor
 18882 (1999 YN4),18882,1.685,0.2321,36.81,291.69,242.64,Asteroid,NEO,Amor
 19356 (1997 GH3),19356,2.509,0.5597,3.01,186.5,334.21,Asteroid,NEO,Amor
 19764 (2000 NF5),19764,2.234,0.4426,1.32,281.49,9.6,Asteroid,NEO,Amor
 20086 (1994 LW),20086,3.183,0.6231,21.77,237.15,58.01,Asteroid,NEO,Amor
 20255 (1998 FX2),20255,2.151,0.4923,9.96,180.94,17.58,Asteroid,NEO,Amor
 20460 Robwhiteley (1999 LO28),20460,1.877,0.4119,33.93,280.06,283.64,Asteroid,NEO,Amor
 20790 (2000 SE45),20790,2.753,0.5562,8.3,302.9,168.9,Asteroid,NEO,Amor
 21088 Chelyabinsk (1992 BL2),21088,1.706,0.2386,38.46,297.84,27.16,Asteroid,NEO,Amor
 21277 (1996 TO5),21277,2.378,0.5204,20.95,167.38,250.1,Asteroid,NEO,Amor
 21374 (1997 WS22),21374,1.269,0.1205,23.98,59.2,197.18,Asteroid,NEO,Amor
 23183 (2000 OY21),23183,1.824,0.4009,40.97,119.65,301.44,Asteroid,NEO,Amor
 23548 (1994 EF2),23548,2.29,0.5176,23.44,345.86,124.28,Asteroid,NEO,Amor
 23606 (1996 AS1),23606,1.75,0.3611,14.36,296.62,357.62,Asteroid,NEO,Amor
 23714 (1998 EC3),23714,2.128,0.5163,8.4,127.86,128.95,Asteroid,NEO,Amor
 24475 (2000 VN2),24475,1.975,0.4412,14.63,76.4,32.68,Asteroid,NEO,Amor
 25916 (2001 CP44),25916,2.562,0.4981,15.74,94.66,199.8,Asteroid,NEO,Amor
 26166 (1995 QN3),26166,3.301,0.6442,14.78,185.71,62.88,Asteroid,NEO,Amor
 26310 (1998 TX6),26310,2.141,0.4685,5.38,210.85,98.91,Asteroid,NEO,Amor
 26760 (2001 KP41),26760,2.852,0.5576,11.02,146.25,155.2,Asteroid,NEO,Amor
 26817 (1987 QB),26817,2.803,0.5942,3.5,153.19,156.58,Asteroid,NEO,Amor
 27031 (1998 RO4),27031,2.14,0.4249,5.36,191.86,111.84,Asteroid,NEO,Amor
 27346 (2000 DN8),27346,1.875,0.399,36.95,135.21,269.25,Asteroid,NEO,Amor
 31210 (1998 BX7),31210,2.605,0.5023,8.96,144.92,271.34,Asteroid,NEO,Amor
 31221 (1998 BP26),31221,1.723,0.2571,20.22,331.03,186.82,Asteroid,NEO,Amor
 31345 (1998 PG),31345,2.016,0.3914,6.5,222.69,156.19,Asteroid,NEO,Amor
 31346 (1998 PB1),31346,2.029,0.4298,5.96,299.73,350.51,Asteroid,NEO,Amor
 32906 (1994 RH),32906,2.248,0.4401,18.94,331.17,92.31,Asteroid,NEO,Amor
 34613 (2000 UR13),34613,2.069,0.3873,6.18,315.29,286.14,Asteroid,NEO,Amor
 35432 (1998 BG9),35432,2.501,0.5451,13.14,115.32,1.6,Asteroid,NEO,Amor
 36017 (1999 ND43),36017,1.524,0.3143,5.55,332.08,52.11,Asteroid,NEO,Amor
 36183 (1999 TX16),36183,1.551,0.3325,38.22,54.65,311.19,Asteroid,NEO,Amor
 37336 (2001 RM),37336,2.253,0.4835,36.67,223.64,118.02,Asteroid,NEO,Amor
 38091 (1999 JT3),38091,2.169,0.4013,9.33,64.82,225.09,Asteroid,NEO,Amor
 39565 (1992 SL),39565,1.642,0.3342,8.6,0.96,344.78,Asteroid,NEO,Amor
  3122 Florence (1981 ET3),3122,1.769,0.4232,22.14,336.06,27.87,Asteroid,PHA,Amor
  3757 Anagolay (1982 XB),3757,1.835,0.4456,3.87,74.93,17.22,Asteroid,PHA,Amor
  6491 (1991 OA),6491,2.501,0.5903,5.95,301.89,323.64,Asteroid,PHA,Amor
 38071 (1999 GU3),38071,2.089,0.5077,12.74,195.49,8.82,Asteroid,PHA,Amor
  1685 Toro (1948 OA),1685,1.368,0.436,9.38,274.22,127.23,Asteroid,NEO,Apollo
  1863 Antinous (1948 EA),1863,2.259,0.6058,18.4,346.42,268.07,Asteroid,NEO,Apollo
  1864 Daedalus (1971 FA),1864,1.461,0.6145,22.22,6.61,325.67,Asteroid,NEO,Apollo
  1865 Cerberus (1971 UA),1865,1.08,0.467,16.1,212.89,325.28,Asteroid,NEO,Apollo
  1866 Sisyphus (1972 XA),1866,1.894,0.5383,41.2,63.46,293.1,Asteroid,NEO,Apollo
  2063 Bacchus (1977 HB),2063,1.078,0.3494,9.43,33.06,55.35,Asteroid,NEO,Apollo
  2212 Hephaistos (1978 SB),2212,2.16,0.8373,11.54,27.5,209.41,Asteroid,NEO,Apollo
  2329 Orthos (1976 WA),2329,2.41,0.6537,24.47,169.28,146.08,Asteroid,NEO,Apollo
  3103 Eger (1982 BB),3103,1.404,0.3543,20.93,129.74,254.09,Asteroid,NEO,Apollo
  3360 Syrinx (1981 VA),3360,2.467,0.7456,21.14,242.48,63.56,Asteroid,NEO,Apollo
  3752 Camillo (1985 PA),3752,1.414,0.3015,55.56,147.96,312.23,Asteroid,NEO,Apollo
  3838 Epona (1986 WA),3838,1.505,0.7023,29.2,235.47,49.73,Asteroid,NEO,Apollo
  4197 Morpheus (1982 TA),4197,2.294,0.7724,12.6,7.01,122.57,Asteroid,NEO,Apollo
  4257 Ubasti (1987 QA),4257,1.647,0.4683,40.72,169.16,278.94,Asteroid,NEO,Apollo
  4341 Poseidon (1987 KF),4341,1.834,0.68,11.84,108.04,15.84,Asteroid,NEO,Apollo
  4544 Xanthus (1989 FB),4544,1.042,0.2502,14.14,23.96,333.86,Asteroid,NEO,Apollo
  5131 (1990 BG),5131,1.486,0.569,36.43,110.38,135.83,Asteroid,NEO,Apollo
  5143 Heracles (1991 VL),5143,1.835,0.7719,9,309.36,227.96,Asteroid,NEO,Apollo
  5496 (1973 NA),5496,2.435,0.6353,68,101.05,118.01,Asteroid,NEO,Apollo
  5645 (1990 SP),5645,1.355,0.3872,13.51,45.71,48.27,Asteroid,NEO,Apollo
  5660 (1974 MA),5660,1.786,0.7619,38.13,302.15,127.01,Asteroid,NEO,Apollo
  5731 Zeus (1988 VP4),5731,2.266,0.6519,11.2,280.59,218.45,Asteroid,NEO,Apollo
  5786 Talos (1991 RC),5786,1.081,0.8269,23.24,161.3,8.38,Asteroid,NEO,Apollo
  5828 (1991 AM),5828,1.698,0.6949,30.12,125.42,152.77,Asteroid,NEO,Apollo
  6047 (1991 TB1),6047,1.455,0.3521,23.48,6.08,103.81,Asteroid,NEO,Apollo
  6053 (1993 BW3),6053,2.147,0.5287,21.58,318.24,74.91,Asteroid,NEO,Apollo
  6063 Jason (1984 KB),6063,2.221,0.7625,4.96,169.06,337.6,Asteroid,NEO,Apollo
  6455 (1992 HE),6455,2.241,0.5724,37.34,26.9,262.81,Asteroid,NEO,Apollo
  6611 (1993 VW),6611,1.696,0.4847,8.7,230.77,281.63,Asteroid,NEO,Apollo
  7025 (1993 QA),7025,1.476,0.3149,12.61,146.6,323.47,Asteroid,NEO,Apollo
  7092 Cadmus (1992 LC),7092,2.544,0.6944,17.78,56.78,94.78,Asteroid,NEO,Apollo
  7350 (1993 VA),7350,1.356,0.3911,7.26,133.11,336.66,Asteroid,NEO,Apollo
  7888 (1993 UC),7888,2.437,0.6633,26.09,165.9,323.04,Asteroid,NEO,Apollo
  7889 (1994 LX),7889,1.262,0.3462,36.91,111.27,349.17,Asteroid,NEO,Apollo
  8035 (1992 TB),8035,1.342,0.4626,28.31,185.62,6.1,Asteroid,NEO,Apollo
  8176 (1991 WA),8176,1.575,0.6431,39.59,66.5,241.9,Asteroid,NEO,Apollo
  8201 (1994 AH2),8201,2.538,0.7067,9.55,164.1,25.11,Asteroid,NEO,Apollo
  8507 (1991 CB1),8507,1.687,0.5945,14.59,317.41,345.79,Asteroid,NEO,Apollo
  9058 (1992 JB),9058,1.557,0.3597,16.09,218.3,307.1,Asteroid,NEO,Apollo
  9162 Kwiila (1987 OA),9162,1.497,0.5955,9.01,180.01,235.8,Asteroid,NEO,Apollo
  9202 (1993 PB),9202,1.424,0.6077,40.8,315.9,212.36,Asteroid,NEO,Apollo
 10145 (1994 CK1),10145,1.901,0.6329,4.55,328.4,27.41,Asteroid,NEO,Apollo
 10165 (1995 BL2),10165,1.235,0.5037,23.9,312.43,348.46,Asteroid,NEO,Apollo
 10563 Izhdubar (1993 WD),10563,1.007,0.2663,63.46,56.56,132.19,Asteroid,NEO,Apollo
 10636 (1998 QK56),10636,1.885,0.5126,13.58,172.94,286.31,Asteroid,NEO,Apollo
 11066 Sigurd (1992 CC1),11066,1.392,0.3755,36.88,349.23,22.01,Asteroid,NEO,Apollo
 11311 Peleus (1993 XN2),11311,2.117,0.5359,25.49,59.32,313.42,Asteroid,NEO,Apollo
 11405 (1999 CV3),11405,1.46,0.3939,22.86,141.26,96.38,Asteroid,NEO,Apollo
 11885 Summanus (1990 SS),11885,1.703,0.4745,19.43,359.78,116.22,Asteroid,NEO,Apollo
 12711 Tukmit (1991 BB),12711,1.186,0.2721,38.49,294.97,322.87,Asteroid,NEO,Apollo
 16816 (1997 UF9),16816,1.443,0.6041,25.92,37.15,157.97,Asteroid,NEO,Apollo
 16834 (1997 WU22),16834,1.468,0.4422,15.99,260.77,334.33,Asteroid,NEO,Apollo
 17181 (1999 UM3),17181,2.37,0.6739,10.65,113.56,36.79,Asteroid,NEO,Apollo
 17182 (1999 VU),17182,1.387,0.5536,9.27,333.51,203.2,Asteroid,NEO,Apollo
 17188 (1999 WC2),17188,2.216,0.6371,29.45,269.77,287.26,Asteroid,NEO,Apollo
 17511 (1992 QN),17511,1.19,0.3588,9.58,355.9,202.42,Asteroid,NEO,Apollo
 20236 (1998 BZ7),20236,2.035,0.5602,6.5,111.31,104.44,Asteroid,NEO,Apollo
 20429 (1998 YN1),20429,1.556,0.4642,6.3,61.75,147.62,Asteroid,NEO,Apollo
 20826 (2000 UV13),20826,2.419,0.6361,31.92,347.29,198.69,Asteroid,NEO,Apollo
 22099 (2000 EX106),22099,1.104,0.2763,9.85,136.44,186.57,Asteroid,NEO,Apollo
 22771 (1999 CU3),22771,1.576,0.5239,11.4,338.95,305.8,Asteroid,NEO,Apollo
 24443 (2000 OG),24443,2.311,0.8223,25.75,178.12,231.17,Asteroid,NEO,Apollo
 24445 (2000 PM8),24445,2.21,0.546,23.78,203.16,219.07,Asteroid,NEO,Apollo
 24761 Ahau (1993 BW2),24761,1.335,0.3058,21.92,121.05,287.53,Asteroid,NEO,Apollo
 25330 (1999 KV4),25330,1.54,0.3709,14.33,50.54,86.09,Asteroid,NEO,Apollo
 26379 (1999 HZ1),26379,1.606,0.5761,8.68,252.11,200.58,Asteroid,NEO,Apollo
 30825 (1990 TG1),30825,2.436,0.681,8.74,205.02,33.68,Asteroid,NEO,Apollo
 30997 (1995 UO5),30997,1.56,0.6434,36.26,38.62,151.16,Asteroid,NEO,Apollo
 31662 (1999 HP11),31662,1.598,0.5479,18.82,13.95,312.04,Asteroid,NEO,Apollo
 35670 (1998 SU27),35670,2.122,0.5964,7.14,271.34,169.83,Asteroid,NEO,Apollo
 36236 (1999 VV),36236,1.332,0.4237,58.04,241.07,19.77,Asteroid,NEO,Apollo
 36284 (2000 DM8),36284,1.484,0.5538,46.76,323.16,317.96,Asteroid,NEO,Apollo
 38086 Beowulf (1999 JB),38086,1.42,0.5663,23.67,165.33,178.97,Asteroid,NEO,Apollo
 38239 (1999 OR3),38239,2.036,0.5756,9.44,199.94,28.1,Asteroid,NEO,Apollo
 40267 (1999 GJ4),40267,1.339,0.8085,34.49,148.22,211.94,Asteroid,NEO,Apollo
 42286 (2001 TN41),42286,1.42,0.3917,24.07,55.83,150.91,Asteroid,NEO,Apollo
 52340 (1992 SY),52340,2.212,0.5473,8.08,5.26,116.33,Asteroid,NEO,Apollo
 52750 (1998 KK17),52750,1.427,0.5248,11.17,141.32,334.14,Asteroid,NEO,Apollo
 52762 (1998 MT24),52762,2.417,0.6527,33.85,309.02,254.45,Asteroid,NEO,Apollo
 53409 (1999 LU7),53409,2.101,0.6283,10.88,206.69,147.76,Asteroid,NEO,Apollo
 54509 YORP (2000 PH5),54509,1.006,0.23,1.6,278.2,278.98,Asteroid,NEO,Apollo
 55408 (2001 TC2),55408,1.1,0.2246,30.39,193.83,353.54,Asteroid,NEO,Apollo
 55532 (2001 WG2),55532,1.794,0.6957,38.54,81.41,132.38,Asteroid,NEO,Apollo
 65733 (1993 PC),65733,1.154,0.4743,4.15,336.92,168.69,Asteroid,NEO,Apollo
 66008 (1998 QH2),66008,1.426,0.3627,61.01,168.93,14.02,Asteroid,NEO,Apollo
 66253 (1999 GT3),66253,1.334,0.8378,19.5,157.37,261.09,Asteroid,NEO,Apollo
 67399 (2000 PJ6),67399,1.301,0.3462,14.69,332.88,225.29,Asteroid,NEO,Apollo
 68267 (2001 EA16),68267,1.51,0.4273,38.83,8.01,317.44,Asteroid,NEO,Apollo
 68348 (2001 LO7),68348,2.155,0.8409,25.36,236.22,181.64,Asteroid,NEO,Apollo
 85818 (1998 XM4),85818,1.657,0.4164,62.72,235.64,301.25,Asteroid,NEO,Apollo
 86666 (2000 FL10),86666,1.463,0.4269,29.01,186.92,258.85,Asteroid,NEO,Apollo
 86829 (2000 GR146),86829,1.463,0.5748,14.37,78.46,31.42,Asteroid,NEO,Apollo
 86878 (2000 HD24),86878,1.342,0.6185,9.47,230.99,214.91,Asteroid,NEO,Apollo
  1566 Icarus (1949 MA),1566,1.078,0.8269,22.8,87.95,31.44,Asteroid,PHA,Apollo
  1620 Geographos (1951 RA),1620,1.246,0.3355,13.34,337.17,276.96,Asteroid,PHA,Apollo
  1862 Apollo (1932 HA),1862,1.471,0.5599,6.35,35.56,286.06,Asteroid,PHA,Apollo
  1981 Midas (1973 EA),1981,1.777,0.65,39.83,356.85,267.82,Asteroid,PHA,Apollo
  2101 Adonis (1936 CA),2101,1.874,0.7643,1.32,349.47,43.63,Asteroid,PHA,Apollo
  2102 Tantalus (1975 YA),2102,1.29,0.2993,64,94.35,61.53,Asteroid,PHA,Apollo
  2135 Aristaeus (1977 HA),2135,1.6,0.5029,23.07,191.12,290.97,Asteroid,PHA,Apollo
  2201 Oljato (1947 XC),2201,2.177,0.7121,2.52,74.91,98.38,Asteroid,PHA,Apollo
  3200 Phaethon (1983 TB),3200,1.271,0.8899,22.27,265.17,322.22,Asteroid,PHA,Apollo
  3361 Orpheus (1982 HR),3361,1.21,0.3229,2.66,188.68,302.36,Asteroid,PHA,Apollo
  3671 Dionysus (1984 KD),3671,2.199,0.541,13.53,82.07,204.3,Asteroid,PHA,Apollo
  4015 Wilson-Harrington (1979 VA),4015,2.624,0.6317,2.8,266.77,95.45,Asteroid,PHA,Apollo
  4034 Vishnu (1986 PA),4034,1.06,0.444,11.17,157.9,296.7,Asteroid,PHA,Apollo
  4179 Toutatis (1989 AC),4179,2.544,0.6246,0.45,125.3,277.89,Asteroid,PHA,Apollo
  4183 Cuno (1959 LM),4183,1.981,0.636,6.67,294.35,237.04,Asteroid,PHA,Apollo
  4450 Pan (1987 SY),4450,1.442,0.5867,5.52,311.77,291.84,Asteroid,PHA,Apollo
  4486 Mithra (1987 SB),4486,2.2,0.6625,3.04,82.24,168.89,Asteroid,PHA,Apollo
  4581 Asclepius (1989 FC),4581,1.023,0.3569,4.92,180.21,255.36,Asteroid,PHA,Apollo
  4660 Nereus (1982 DB),4660,1.485,0.3588,1.45,313.14,159.52,Asteroid,PHA,Apollo
  4769 Castalia (1989 PB),4769,1.063,0.4831,8.89,325.53,121.41,Asteroid,PHA,Apollo
  4953 (1990 MU),4953,1.621,0.6574,24.38,77.53,77.95,Asteroid,PHA,Apollo
  5011 Ptah (6743 P-L),5011,1.636,0.5001,7.41,10.64,105.95,Asteroid,PHA,Apollo
  5189 (1990 UQ),5189,1.552,0.478,3.58,135.07,159.95,Asteroid,PHA,Apollo
  5693 (1993 EA),5693,1.271,0.5852,5.06,96.99,258.97,Asteroid,PHA,Apollo
  6037 (1988 EG),6037,1.271,0.4996,3.5,182.36,242.18,Asteroid,PHA,Apollo
  6239 Minos (1989 QF),6239,1.151,0.4126,3.94,344.57,239.7,Asteroid,PHA,Apollo
  6489 Golevka (1991 JX),6489,2.485,0.6123,2.27,209.47,68.67,Asteroid,PHA,Apollo
  7335 (1989 JA),7335,1.772,0.4846,15.17,61.28,232.3,Asteroid,PHA,Apollo
  7341 (1991 VK),7341,1.841,0.506,5.41,294.74,173.49,Asteroid,PHA,Apollo
  7482 (1994 PC1),7482,1.349,0.3294,33.47,117.86,47.49,Asteroid,PHA,Apollo
  7753 (1988 XB),7753,1.467,0.4816,3.12,73.39,280.07,Asteroid,PHA,Apollo
  7822 (1991 CS),7822,1.123,0.1646,37.12,156.85,249.44,Asteroid,PHA,Apollo
  8014 (1990 MF),8014,1.747,0.4562,1.87,209.84,114.76,Asteroid,PHA,Apollo
  8566 (1996 EN),8566,1.506,0.4303,37.98,164.12,125.14,Asteroid,PHA,Apollo
  9856 (1991 EE),9856,2.242,0.6259,9.83,168.1,116.21,Asteroid,PHA,Apollo
 10115 (1992 SK),10115,1.248,0.3248,15.32,8.9,233.64,Asteroid,PHA,Apollo
 11500 Tomaiyowit (1989 UR),11500,1.08,0.3559,10.31,234.4,289.51,Asteroid,PHA,Apollo
 12538 (1998 OH),12538,1.542,0.4063,24.54,220.7,321.79,Asteroid,PHA,Apollo
 12923 Zephyr (1999 GK4),12923,1.962,0.492,5.31,168.18,147.11,Asteroid,PHA,Apollo
 13651 (1997 BR),13651,1.336,0.3057,17.25,116.65,133.8,Asteroid,PHA,Apollo
 14827 Hypnos (1986 JK),14827,2.843,0.6655,1.98,57.94,238.18,Asteroid,PHA,Apollo
 16960 (1998 QS52),16960,2.2,0.8589,17.52,260.17,243.25,Asteroid,PHA,Apollo
 20425 (1998 VD35),20425,1.564,0.4769,6.99,227.26,296.32,Asteroid,PHA,Apollo
 22753 (1998 WT),22753,1.219,0.5698,3.2,307.4,324.77,Asteroid,PHA,Apollo
 23187 (2000 PN9),23187,1.847,0.5893,51.33,164.31,293.52,Asteroid,PHA,Apollo
 25143 Itokawa (1998 SF36),25143,1.324,0.2801,1.62,69.08,162.81,Asteroid,PHA,Apollo
 26663 (2000 XK47),26663,1.546,0.472,13.53,303.65,231.16,Asteroid,PHA,Apollo
 27002 (1998 DV9),27002,1.744,0.4332,8.7,130.35,0.81,Asteroid,PHA,Apollo
 29075 (1950 DA),29075,1.698,0.5083,12.17,356.65,224.66,Asteroid,PHA,Apollo
 31669 (1999 JT6),31669,2.137,0.5777,9.54,78.79,39.1,Asteroid,PHA,Apollo
 35107 (1991 VH),35107,1.137,0.1442,13.91,139.35,206.97,Asteroid,PHA,Apollo
 35396 (1997 XF11),35396,1.442,0.4837,4.1,213.65,103.05,Asteroid,PHA,Apollo
 37638 (1993 VB),37638,1.913,0.5196,5.08,145.59,323.15,Asteroid,PHA,Apollo
 37655 Illapa (1994 PM),37655,1.478,0.7524,18.03,139.54,303.88,Asteroid,PHA,Apollo
 41429 (2000 GE2),41429,1.593,0.5553,2.17,351.92,297.22,Asteroid,PHA,Apollo
 52760 (1998 ML14),52760,2.409,0.6235,2.43,338.72,20.31,Asteroid,PHA,Apollo
 52768 (1998 OR2),52768,2.38,0.5754,5.88,26.94,174.58,Asteroid,PHA,Apollo
 53319 (1999 JM8),53319,2.723,0.6416,13.84,133.62,166.83,Asteroid,PHA,Apollo
 53426 (1999 SL5),53426,1.923,0.5382,22.77,239.07,43.35,Asteroid,PHA,Apollo
 53429 (1999 TF5),53429,2.023,0.6399,26.79,199.21,64.07,Asteroid,PHA,Apollo
 53550 (2000 BF19),53550,1.495,0.4196,7.17,313.21,324.92,Asteroid,PHA,Apollo
 53789 (2000 ED104),53789,1.371,0.2693,40.79,190.02,218.34,Asteroid,PHA,Apollo
 65690 (1991 DG),65690,1.428,0.3633,11.14,180.12,63.32,Asteroid,PHA,Apollo
 65717 (1993 BX3),65717,1.395,0.2809,2.81,174.76,290.97,Asteroid,PHA,Apollo
 65803 Didymos (1996 GT),65803,1.643,0.3833,3.41,72.99,319.56,Asteroid,PHA,Apollo
 65909 (1998 FH12),65909,1.091,0.5398,3.56,108.6,284.49,Asteroid,PHA,Apollo
 67381 (2000 OL8),67381,1.32,0.5432,10.67,294.9,266.87,Asteroid,PHA,Apollo
  2062 Aten (1976 AA),2062,0.967,0.1828,18.93,108.54,148.05,Asteroid,NEO,Aten
  2100 Ra-Shalom (1978 RA),2100,0.832,0.4366,15.76,170.78,356.08,Asteroid,NEO,Aten
  3554 Amun (1986 EB),3554,0.974,0.2807,23.36,358.61,359.42,Asteroid,NEO,Aten
  3753 Cruithne (1986 TO),3753,0.9977,0.515,19.8,126.21,43.87,Asteroid,NEO,Aten
  5381 Sekhmet (1991 JY),5381,0.9475,0.2964,48.97,58.53,37.42,Asteroid,NEO,Aten
  5590 (1990 VA),5590,0.9857,0.2795,14.19,216.28,34.49,Asteroid,NEO,Aten
 66063 (1998 RO1),66063,0.991,0.72,22.69,351.85,151.17,Asteroid,NEO,Aten
 66146 (1998 TU3),66146,0.7876,0.4838,5.41,101.99,84.88,Asteroid,NEO,Aten
 66400 (1999 LT7),66400,0.8554,0.5725,9.06,79.8,341.4,Asteroid,NEO,Aten
 85770 (1998 UP1),85770,0.998,0.3452,33.18,18.33,234.21,Asteroid,NEO,Aten
 85953 (1999 FK21),85953,0.7387,0.7031,12.61,180.47,172.41,Asteroid,NEO,Aten
 86450 (2000 CK33),86450,0.968,0.4148,18.11,124.85,215.61,Asteroid,NEO,Aten
 86667 (2000 FO10),86667,0.8594,0.5947,14.29,208.32,172.48,Asteroid,NEO,Aten
 87309 (2000 QP),87309,0.8475,0.4631,34.74,294.27,188.17,Asteroid,NEO,Aten
 88213 (2001 AF2),88213,0.954,0.5952,17.81,114.26,194.99,Asteroid,NEO,Aten
  2340 Hathor (1976 UA),2340,0.8438,0.4499,5.86,211.31,40.09,Asteroid,PHA,Aten
  3362 Khufu (1984 QA),3362,0.9895,0.4686,9.92,152.42,55.05,Asteroid,PHA,Aten
  5604 (1992 FE),5604,0.9286,0.4061,4.72,311.9,82.66,Asteroid,PHA,Aten
 33342 (1998 WT24),33342,0.7188,0.4176,7.37,81.67,167.53,Asteroid,PHA,Aten
 65679 (1989 UQ),65679,0.9147,0.2646,1.3,178.1,15.01,Asteroid,PHA,Aten
 66391 Moshup (1999 KW4),66391,0.6424,0.6884,38.88,244.9,192.64,Asteroid,PHA,Aten
 68347 (2001 KB67),68347,0.9621,0.3801,17.12,245.86,243.79,Asteroid,PHA,Aten
 85989 (1999 JD6),85989,0.8831,0.6328,17.06,130.16,309.23,Asteroid,PHA,Aten
 87684 (2000 SY2),87684,0.8587,0.6428,19.23,162.03,47.78,Asteroid,PHA,Aten
 99942 Apophis (2004 MN4),99942,0.9227,0.1914,3.34,203.96,126.61,Asteroid,PHA,Aten
163693 Atira (2003 CP20),163693,0.741,0.3222,25.62,103.88,252.93,Asteroid,NEO,Atira
164294 (2004 XZ130),164294,0.6175,0.4546,2.95,211.16,5.4,Asteroid,NEO,Atira
413563 (2005 TG45),413563,0.6814,0.3723,23.33,273.42,230.44,Asteroid,NEO,Atira
418265 (2008 EA32),418265,0.6159,0.305,28.26,100.95,181.83,Asteroid,NEO,Atira
594913 'Aylo'chaxnim (2020 AV2),594913,0.5554,0.1771,15.87,6.7,187.33,Asteroid,NEO,Atira
613676 (2006 WE4),613676,0.7848,0.1829,24.77,311,318.59,Asteroid,NEO,Atira
434326 (2004 JG6),434326,0.6353,0.5312,18.94,37.01,353,Asteroid,PHA,Atira
481817 (2008 UL90),481817,0.695,0.3798,24.31,81.13,183.65,Asteroid,PHA,Atira
    1P/Halley,1P,17.93,0.9679,162.19,59.11,112.26,Comet,NEO,Short-period
    2P/Encke,2P,2.215,0.8484,11.78,334.57,186.55,Comet,NEO,Short-period
    3D/Biela,3D,3.535,0.7513,13.22,250.67,221.66,Comet,NEO,Short-period
    5D/Brorsen,5D,3.101,0.8098,29.38,102.97,14.95,Comet,NEO,Short-period
    7P/Pons-Winnecke,7P,3.419,0.6376,22.33,93.42,172.51,Comet,NEO,Short-period
    8P/Tuttle,8P,5.7,0.8198,54.98,270.34,207.51,Comet,NEO,Short-period
   12P/Pons-Brooks,12P,17.12,0.9543,74.11,255.74,199.01,Comet,NEO,Short-period
   13P/Olbers,13P,16.91,0.9303,44.61,86.1,64.64,Comet,NEO,Short-period
   15P/Finlay,15P,3.49,0.7202,6.8,13.75,347.63,Comet,NEO,Short-period
   18D/Perrine-Mrkos,18D,3.56,0.6426,17.76,240.88,166.05,Comet,NEO,Short-period
   20D/Westphal,20D,15.64,0.9198,40.89,348.01,57.08,Comet,NEO,Short-period
   21P/Giacobini-Zinner,21P,3.5,0.7105,32,195.41,172.81,Comet,NEO,Short-period
   23P/Brorsen-Metcalf,23P,17.07,0.972,19.33,311.59,129.61,Comet,NEO,Short-period
   24P/Schaumasse,24P,4.086,0.7048,11.73,79.67,58,Comet,NEO,Short-period
   26P/Grigg-Skjellerup,26P,3.038,0.6339,22.41,211.64,1.64,Comet,NEO,Short-period
   27P/Crommelin,27P,9.236,0.919,28.97,250.63,196.03,Comet,NEO,Short-period
   34D/Gale,34D,4.944,0.7607,11.73,67.92,209.16,Comet,NEO,Short-period
   35P/Herschel-Rigollet,35P,28.84,0.974,64.21,355.98,29.3,Comet,NEO,Short-period
   41P/Tuttle-Giacobini-Kresak,41P,3.085,0.6613,9.23,141.07,62.16,Comet,NEO,Short-period
   45P/Honda-Mrkos-Pajdusakova,45P,3.026,0.824,4.25,88.93,326.34,Comet,NEO,Short-period
   46P/Wirtanen,46P,3.093,0.6588,11.75,82.16,356.34,Comet,NEO,Short-period
   55P/Tempel-Tuttle,55P,10.34,0.9056,162.49,235.27,172.5,Comet,NEO,Short-period
   66P/du Toit,66P,6.023,0.7866,18.67,22,257.34,Comet,NEO,Short-period
   67P/Churyumov-Gerasimenko,67P,3.462,0.6409,7.04,50.14,12.8,Comet,NEO,Short-period
   72P/Denning-Fujikawa,72P,4.336,0.8192,9.17,36.11,337.86,Comet,NEO,Short-period
   73P/Schwassmann-Wachmann 3,73P,3.091,0.6855,11.24,69.66,199.39,Comet,NEO,Short-period
   79P/du Toit-Hartley,79P,3.031,0.5941,2.89,307.84,253.27,Comet,NEO,Short-period
   85P/Boethin,85P,5.185,0.7812,4.3,359.4,37.62,Comet,NEO,Short-period
   96P/Machholz 1,96P,3.032,0.9591,58.23,94.29,14.77,Comet,NEO,Short-period
  103P/Hartley 2,103P,3.47,0.6949,13.62,219.76,181.21,Comet,NEO,Short-period
  104P/Kowal 2,104P,3.208,0.6655,5.7,207.21,227.25,Comet,NEO,Short-period
  109P/Swift-Tuttle,109P,26.09,0.9632,113.45,139.38,152.98,Comet,NEO,Short-period
  122P/de Vico,122P,17.68,0.9627,85.38,79.62,13,Comet,NEO,Short-period
  141P/Machholz 2,141P,3.055,0.7367,13.98,241.88,153.62,Comet,NEO,Short-period
  157P/Tritton,157P,3.365,0.6285,11,289.64,157.34,Comet,NEO,Short-period
  161P/Hartley-IRAS,161P,7.73,0.8351,95.7,1.4,47.09,Comet,NEO,Short-period
  162P/Siding Spring,162P,3.053,0.5961,27.82,31.24,356.31,Comet,NEO,Short-period
  169P/NEAT,169P,2.606,0.7668,11.3,176.19,217.96,Comet,NEO,Short-period
  177P/Barnard,177P,24.3,0.9544,31.22,272.07,60.45,Comet,NEO,Short-period
  181P/Shoemaker-Levy 6,181P,3.839,0.7073,16.98,37.68,333.8,Comet,NEO,Short-period
  182P/LONEOS,182P,2.931,0.6663,16.91,75.1,51.43,Comet,NEO,Short-period
  185P/Petriew,185P,3.1,0.6993,14.01,214.09,181.94,Comet,NEO,Short-period
  189P/NEAT,189P,2.918,0.5976,20.4,282.2,15.31,Comet,NEO,Short-period
  197P/LINEAR,197P,2.867,0.6299,25.56,66.4,188.75,Comet,NEO,Short-period
  206P/Barnard-Boattini,206P,3.234,0.6485,33.2,204.38,181.36,Comet,NEO,Short-period
  207P/NEAT,207P,3.884,0.757,10.15,200.67,271.2,Comet,NEO,Short-period
  209P/LINEAR,209P,2.937,0.6889,20.98,63.2,152.47,Comet,NEO,Short-period
  210P/Christensen,210P,3.176,0.8317,10.22,93.87,345.77,Comet,NEO,Short-period
  217P/LINEAR,217P,3.944,0.6896,12.88,125.62,246.77,Comet,NEO,Short-period
  222P/LINEAR,222P,2.857,0.7268,5.15,7.13,345.43,Comet,NEO,Short-period
  249P/LINEAR,249P,2.77,0.8187,8.4,239.85,64.81,Comet,NEO,Short-period
  252P/LINEAR,252P,3.047,0.6731,10.42,190.95,343.31,Comet,NEO,Short-period
  255P/Levy,255P,3.025,0.672,18.33,279.78,179.59,Comet,NEO,Short-period
  262P/McNaught-Russell,262P,6.935,0.8154,29.08,218.01,171.17,Comet,NEO,Short-period
  263P/Gibbs,263P,3.062,0.5876,11.53,105.82,34.61,Comet,NEO,Short-period
  273P/Pons-Gambart,273P,32.83,0.9753,136.4,320.43,20.19,Comet,NEO,Short-period
  289P/Blanpain,289P,3.045,0.6851,5.9,68.92,9.85,Comet,NEO,Short-period
  294P/LINEAR,294P,3.194,0.5986,18.54,314.34,234.17,Comet,NEO,Short-period
  300P/Catalina,300P,2.699,0.6917,5.68,95.69,222.87,Comet,NEO,Short-period
  306P/LINEAR,306P,3.104,0.5983,8.36,341.5,0.77,Comet,NEO,Short-period
  317P/WISE,317P,2.957,0.5802,11.96,275.69,334.74,Comet,NEO,Short-period
  319P/Catalina-McNaught,319P,3.573,0.665,15.07,111.37,203.68,Comet,NEO,Short-period
  320P/McNaught,320P,3.103,0.6824,4.89,295.96,0.67,Comet,NEO,Short-period
  321P/SOHO,321P,2.427,0.9807,19.74,165.27,172.41,Comet,NEO,Short-period
  322P/SOHO,322P,2.516,0.9787,12.59,359.52,49.05,Comet,NEO,Short-period
  323P/SOHO,323P,2.582,0.9848,5.37,324.23,353.17,Comet,NEO,Short-period
  325P/Yang-Gao,325P,3.406,0.6241,16.32,258.87,347,Comet,NEO,Short-period
  333P/LINEAR,333P,4.224,0.7359,131.88,115.56,26.14,Comet,NEO,Short-period
  342P/SOHO,342P,3.043,0.9826,13.27,43.4,58.7,Comet,NEO,Short-period
  364P/PANSTARRS,364P,2.878,0.7227,12.15,46.22,211.95,Comet,NEO,Short-period
  384P/Kowalski,384P,2.908,0.6154,7.29,354.46,37.28,Comet,NEO,Short-period
  387P/Boattini,387P,4.799,0.736,8.9,259.36,162.78,Comet,NEO,Short-period
  405P/Lemmon,405P,3.607,0.6891,9.37,3.31,112.29,Comet,NEO,Short-period
  414P/STEREO,414P,2.795,0.8117,23.38,257.79,210.74,Comet,NEO,Short-period
  460P/PANSTARRS,460P,3.022,0.6663,18.92,180.53,351.9,Comet,NEO,Short-period
     D/1766 G1 (Helfenzrieder),1766 G1,2.665,0.8476,7.87,76.26,178.7,Comet,NEO,Short-period
     D/1770 L1 (Lexell),1770 L1,3.153,0.7861,1.55,134.47,225.02,Comet,NEO,Short-period
     D/1884 O1 (Barnard),1884 O1,3.073,0.5836,5.47,6.75,301.05,Comet,NEO,Short-period
     D/1894 F1 (Denning),1894 F1,3.804,0.6984,5.53,85.71,46.39,Comet,NEO,Short-period
     D/1895 Q1 (Swift),1895 Q1,3.729,0.652,2.99,171.75,167.78,Comet,NEO,Short-period
     C/1905 F1 (Giacobini),1905 F1,23.56,0.9528,40.07,158.95,358.16,Comet,NEO,Short-period
     C/1914 S1 (Campbell),1914 S1,7.053,0.9038,76.86,2.4,265.28,Comet,NEO,Short-period
     C/1917 F1 (Mellish),1917 F1,27.4,0.9931,32.69,88.67,121.31,Comet,NEO,Short-period
     C/1921 H1 (Dubiago),1921 H1,17.1,0.9347,22.35,67.13,97.48,Comet,NEO,Short-period
     C/1937 D1 (Wilk),1937 D1,31.97,0.9806,26.01,58.27,31.46,Comet,NEO,Short-period
     C/1942 EA (Vaisala),1942 EA,19.4,0.9336,38,172.29,335.22,Comet,NEO,Short-period
     C/1960 Y1 (Candy),1960 Y1,15.03,0.9303,151.17,177.29,138.76,Comet,NEO,Short-period
     D/1978 R1 (Haneda-Campos),1978 R1,3.29,0.6652,5.95,132.25,240.46,Comet,NEO,Short-period
     C/1989 A3 (Bradfield),1989 A3,19.2,0.9781,83.06,28.44,194.77,Comet,NEO,Short-period
     C/1991 L3 (Levy),1991 L3,13.81,0.9289,19.19,329.43,41.48,Comet,NEO,Short-period
     P/1999 J6 (SOHO),1999 J6,3.099,0.9842,26.63,81.6,21.95,Comet,NEO,Short-period
     P/1999 RO28 (LONEOS),1999 RO28,3.527,0.6508,8.19,148.45,219.86,Comet,NEO,Short-period
     C/2001 OG108 (LONEOS),2001 OG108,13.3,0.9253,80.25,10.56,116.42,Comet,NEO,Short-period
     C/2001 W2 (BATTERS),2001 W2,17.93,0.9414,115.91,113.36,142.09,Comet,NEO,Short-period
     C/2002 R5 (SOHO),2002 R5,3.216,0.9853,14.12,13.21,45.73,Comet,NEO,Short-period
     P/2002 S7 (SOHO),2002 S7,3.224,0.9848,13.58,50.19,52.17,Comet,NEO,Short-period
     P/2003 T12 (SOHO),2003 T12,2.568,0.7762,11.48,176.47,217.67,Comet,NEO,Short-period
     P/2005 T4 (SWAN),2005 T4,9.324,0.9304,160.04,25.42,41.44,Comet,NEO,Short-period
     P/2006 HR30 (Siding Spring),2006 HR30,7.818,0.8431,31.88,309.95,117.41,Comet,NEO,Short-period
     P/2007 T2 (Kowalski),2007 T2,3.093,0.775,9.9,4,358.55,Comet,NEO,Short-period
     P/2008 Y12 (SOHO),2008 Y12,3.078,0.9788,23.35,312.57,146.62,Comet,NEO,Short-period
     P/2009 WX51 (Catalina),2009 WX51,3.08,0.7403,9.59,31.76,118.02,Comet,NEO,Short-period
     C/2010 L5 (WISE),2010 L5,8.26,0.9042,147.05,206.47,214.76,Comet,NEO,Short-period
     P/2011 NO1 (Elenin),2011 NO1,5.615,0.779,15.38,296.11,263.45,Comet,NEO,Short-period
     C/2011 S2 (Kowalski),2011 S2,16.31,0.9316,17.57,288.07,192.19,Comet,NEO,Short-period
     P/2012 NJ (La Sagra),2012 NJ,8.503,0.8481,84.38,315.76,338.41,Comet,NEO,Short-period
     P/2015 A3 (PANSTARRS),2015 A3,7.482,0.8459,172.51,277.08,249.62,Comet,NEO,Short-period
     C/2015 D1 (SOHO),2015 D1,4.989,0.9943,69.62,95.88,234.96,Comet,NEO,Short-period
     C/2015 F5 (SWAN-Xingming),2015 F5,15.55,0.9777,149.26,287.74,13.39,Comet,NEO,Short-period
     C/2015 X8 (NEOWISE),2015 X8,19.55,0.9391,155.28,191.11,20.4,Comet,NEO,Short-period
     P/2017 Y3 (Leonard),2017 Y3,9.865,0.8707,27.59,153.87,67.53,Comet,NEO,Short-period
     P/2018 HT3 (NEOWISE),2018 HT3,2.975,0.8256,29.28,283.21,216.37,Comet,NEO,Short-period
     P/2019 M2 (ATLAS),2019 M2,3.026,0.6485,12.28,307.6,332.52,Comet,NEO,Short-period
     P/2019 Y3 (Catalina),2019 Y3,2.998,0.6958,24.64,139.38,2.27,Comet,NEO,Short-period
     P/2020 G1 (Pimentel),2020 G1,3.603,0.8596,18.47,240.11,207.64,Comet,NEO,Short-period
     C/2020 M3 (ATLAS),2020 M3,26.82,0.9527,23.47,71.25,328.45,Comet,NEO,Short-period
     P/2021 HS (PANSTARRS),2021 HS,4.196,0.8102,12.17,262.4,46.09,Comet,NEO,Short-period
     P/2021 N1 (ZTF),2021 N1,2.977,0.6768,11.51,301.16,21.19,Comet,NEO,Short-period
     P/2021 PE20 (ATLAS),2021 PE20,3.746,0.6708,20.02,99.63,210.45,Comet,NEO,Short-period
     P/2021 Q5 (ATLAS),2021 Q5,3.285,0.6242,10.73,239.78,180.89,Comet,NEO,Short-period
     C/2023 E1 (ATLAS),2023 E1,19.35,0.9469,38.31,164.58,105.89,Comet,NEO,Short-period
